cowns,cownDist,behaviourCowns,whenCount,serviceTime,parallel,5%,25%,50%,75%,95%,max,avg
100,uniform,5,50,fixed[145],False,8.8e-05,0.29027,0.870405,1.305386,1.595802,28,28.723729994640152
100,uniform,5,50,fixed[145],True,0.072639,0.435264,0.870623,1.305805,1.668504,28.0,26.513890096743882
100,uniform,5,50,bimodal[100:1000:95],False,0.00012,0.200238,0.60038,0.900529,1.100708,40,38.44772685504515
100,uniform,5,50,exp[7],False,7.1e-05,0.472182,0.829589,1.433224,1.674742,28,25.269550292975165
100,uniform,5,100,fixed[145],False,0.145161,0.870436,1.740773,2.611058,3.336403,28,27.579047756154885
100,uniform,5,100,fixed[145],True,0.145266,0.870622,1.741383,2.683913,3.409128,28.0,27.576583619785094
100,uniform,5,100,bimodal[100:1000:95],False,0.100158,0.600457,1.400867,2.100888,3.001142,36,31.240383819355603
100,uniform,5,100,exp[7],False,0.102187,0.852438,1.814497,2.807099,3.423806,28,27.27445052210117
100,uniform,5,200,fixed[145],False,0.290335,1.741162,3.481835,5.367121,6.81758,28,27.576191984345545
100,uniform,5,200,fixed[145],True,0.291425,1.742478,3.55546,5.368478,6.818415,28.0,27.574180750409273
100,uniform,5,200,bimodal[100:1000:95],False,0.200412,1.500663,3.301656,5.101385,6.30194,36,28.162274971101986
100,uniform,5,200,exp[7],False,0.344557,1.793695,3.646498,5.194819,6.849277,36,27.020520193650665
100,uniform,10,50,fixed[145],False,0.000144,0.290317,0.870563,1.305648,1.596043,28,28.72059513668418
100,uniform,10,50,fixed[145],True,0.072685,0.435438,0.87092,1.305881,1.668878,28.0,28.70893617314474
100,uniform,10,50,bimodal[100:1000:95],False,0.000161,0.200319,0.60063,1.000902,1.301214,36,33.32318087089467
100,uniform,10,50,exp[7],False,9.9e-05,0.395273,0.802444,1.40058,1.647894,29,27.81675213827374
100,uniform,10,100,fixed[145],False,0.145131,0.870661,1.741102,2.611557,3.336673,28,26.514754798176313
100,uniform,10,100,fixed[145],True,0.145757,0.871274,1.742373,2.684156,3.410284,28.0,27.572394077890912
100,uniform,10,100,bimodal[100:1000:95],False,0.100235,0.600692,1.70084,2.701537,3.401517,35,27.766933247737136
100,uniform,10,100,exp[7],False,0.030203,0.754994,1.70044,2.700695,3.329832,29,28.08088755822923
100,uniform,10,200,fixed[145],False,0.29074,1.741401,3.481998,5.367298,6.816952,28,27.038141895627906
100,uniform,10,200,fixed[145],True,0.292317,1.743552,3.556356,5.369979,6.818998,28.0,27.301640951478568
100,uniform,10,200,bimodal[100:1000:95],False,0.200689,1.601004,3.302396,5.101347,6.302729,35,27.01860379473588
100,uniform,10,200,exp[7],False,0.393703,1.814668,3.667379,5.215565,6.866974,36,26.131408319587123
100,uniform,15,50,fixed[145],False,8.9e-05,0.290378,0.870402,1.305955,1.596227,28,28.714261512265296
100,uniform,15,50,fixed[145],True,0.072662,0.435378,0.870924,1.306434,1.669142,28.0,27.56638951418649
100,uniform,15,50,bimodal[100:1000:95],False,0.000106,0.200399,0.600407,0.900668,1.10112,40,41.63062148689593
100,uniform,15,50,exp[7],False,9.2e-05,0.3953,0.80248,1.400748,1.647812,29,28.588009617006435
100,uniform,15,100,fixed[145],False,0.145178,0.870661,1.741187,2.611793,3.337131,28,27.573336803897327
100,uniform,15,100,fixed[145],True,0.145521,0.871512,1.742428,2.684765,3.410441,28.0,27.035875796105156
100,uniform,15,100,bimodal[100:1000:95],False,0.100215,0.600595,1.700668,2.701412,3.401682,35,27.768321121751313
100,uniform,15,100,exp[7],False,0.102307,0.829686,1.781749,2.773884,3.39376,28,26.69243376272562
100,uniform,15,200,fixed[145],True,0.292488,1.743897,3.557362,5.370867,6.820784,28.0,27.577420159921463
100,uniform,15,200,bimodal[100:1000:95],False,0.200551,1.402219,3.102054,4.901636,6.101489,36,28.162013246002928
100,uniform,15,200,exp[7],False,0.312853,1.717551,3.57873,5.125345,6.780183,36,27.09230116723116
100,zipfian[0.99],5,50,fixed[145],False,0.000126,0.290368,0.87046,1.305414,1.740775,28,24.622415261957872
100,zipfian[0.99],5,50,fixed[145],True,0.072688,0.435505,0.870821,1.30589,1.740582,28.0,26.51422753449501
100,zipfian[0.99],5,50,bimodal[100:1000:95],False,0.000107,0.20042,0.600653,1.20068,1.600775,32,26.310582747835163
100,zipfian[0.99],5,50,exp[7],False,8.2e-05,0.395199,0.802289,1.400347,1.748655,29,26.282493704028635
100,zipfian[0.99],5,100,fixed[145],False,0.145243,0.870618,1.740964,2.611268,3.771155,28,24.623421700227567
100,zipfian[0.99],5,100,fixed[145],True,0.145336,0.870936,1.741636,2.683882,3.408594,28.0,26.516674215079927
100,zipfian[0.99],5,100,bimodal[100:1000:95],False,0.100262,0.600509,1.200819,2.201174,2.800875,40,27.020870650281573
100,zipfian[0.99],5,100,exp[7],False,0.072294,0.802342,1.748913,2.742372,3.812973,29,22.878107047120434
100,zipfian[0.99],5,200,fixed[145],False,0.290586,1.740754,3.482082,5.367475,7.542135,28,23.77506977091413
100,zipfian[0.99],5,200,fixed[145],True,0.291463,1.742235,3.554715,5.368126,6.889939,28.0,26.26501850173566
100,zipfian[0.99],5,200,bimodal[100:1000:95],False,0.200631,1.400638,3.20102,5.501859,7.501788,37,22.217739176184008
100,zipfian[0.99],5,200,exp[7],False,0.329798,1.749182,3.609695,5.236586,7.417792,37,23.215974261842295
100,zipfian[0.99],10,50,fixed[145],False,9.6e-05,0.290376,0.870658,1.305752,1.740802,28,22.980127245560585
100,zipfian[0.99],10,50,fixed[145],True,0.072728,0.435399,0.871106,1.306459,1.740908,28.0,25.53497039730882
100,zipfian[0.99],10,50,bimodal[100:1000:95],False,0.000161,0.200475,0.600624,0.900755,2.000637,39,20.826981104096582
100,zipfian[0.99],10,50,exp[7],False,0.0001,0.395233,0.802412,1.400585,2.189688,29,18.13100521556496
100,zipfian[0.99],10,100,fixed[145],True,0.145555,0.871407,1.742275,2.684633,3.771522,28.0,23.773003947269576
100,zipfian[0.99],10,100,bimodal[100:1000:95],False,0.100362,0.701081,1.601122,2.301622,4.101446,32,19.225611590736715
100,zipfian[0.99],10,100,exp[7],False,0.102252,0.853053,1.814723,2.806666,3.92859,28,21.04165005253048
100,zipfian[0.99],10,200,fixed[145],False,0.291123,1.741097,3.482347,5.367815,8.412526,28,20.27905397807611
100,zipfian[0.99],10,200,fixed[145],True,0.292002,1.743905,3.557056,5.370193,7.470208,28.0,23.77345042867097
100,zipfian[0.99],10,200,bimodal[100:1000:95],False,0.201149,1.901527,3.20186,5.302189,7.30161,40,23.251063707100773
100,zipfian[0.99],10,200,exp[7],False,0.330315,1.787177,3.635491,5.243366,8.434215,38,20.766012516506386
100,zipfian[0.99],15,50,fixed[145],False,0.000117,0.290496,0.870557,1.305765,1.741104,28,24.621227043167902
100,zipfian[0.99],15,50,fixed[145],True,0.072833,0.435704,0.870795,1.306558,1.813695,28.0,23.772212755598833
100,zipfian[0.99],15,50,bimodal[100:1000:95],False,0.000131,0.200531,0.60046,0.900595,1.201038,39,35.697864696525315
100,zipfian[0.99],15,50,exp[7],False,0.000157,0.514436,0.821542,1.461966,2.024083,29,19.292713682238205
100,zipfian[0.99],15,100,fixed[145],False,0.145277,0.870868,1.740895,2.612054,3.771434,28,24.622651706928394
100,zipfian[0.99],15,100,fixed[145],True,0.145438,0.870847,1.742715,2.683762,3.699696,28.0,22.98011140298406
100,zipfian[0.99],15,100,bimodal[100:1000:95],False,0.100296,0.601309,1.800805,2.902042,3.601075,34,25.634084719624635
100,zipfian[0.99],15,100,exp[7],False,0.072409,0.803041,1.749293,2.742294,3.642772,29,23.057630934486582
100,zipfian[0.99],15,200,fixed[145],False,0.290834,1.741989,3.482519,5.368466,6.963176,28,25.53615389516362
100,zipfian[0.99],15,200,fixed[145],True,0.292374,1.743836,3.556694,5.370782,7.254555,28.0,22.981254765019543
100,zipfian[0.99],15,200,bimodal[100:1000:95],False,0.200902,1.702965,3.601092,5.301261,6.602356,35,23.250579869461944
100,zipfian[0.99],15,200,exp[7],False,0.344966,1.79553,3.64732,5.194649,7.308867,36,23.836470371744056
100,zipfian[2],5,50,fixed[145],False,0.000126,0.290524,1.015439,1.740743,3.191107,24,13.788561781305688
100,zipfian[2],5,50,fixed[145],True,0.072965,0.435605,0.870709,1.450863,2.176041,28.0,20.27460739236515
100,zipfian[2],5,50,bimodal[100:1000:95],False,0.000135,0.200549,0.700452,1.20074,2.200967,33,19.991539580449555
100,zipfian[2],5,50,exp[7],False,0.000132,0.5394,0.993733,1.978599,3.135977,25,13.49860302957247
100,zipfian[2],5,100,fixed[145],False,0.145164,0.870665,1.886062,3.626372,6.526995,28,13.789134079610461
100,zipfian[2],5,100,fixed[145],True,0.145313,0.870809,1.741455,3.119007,4.569303,28.0,18.887667486391436
100,zipfian[2],5,100,bimodal[100:1000:95],False,0.100238,0.700802,1.501313,4.80148,8.601937,32,10.986596352450011
100,zipfian[2],5,100,exp[7],False,0.030558,0.755229,1.971523,4.629573,6.994211,29,12.790407808083511
100,zipfian[2],5,200,fixed[145],False,0.291475,1.741333,4.352168,8.558018,14.359143,28,12.650710283616906
100,zipfian[2],5,200,bimodal[100:1000:95],False,0.201391,1.501047,4.401711,8.602821,14.403783,37,12.266814751654348
100,zipfian[2],5,200,exp[7],False,0.345412,1.918418,4.507059,8.346717,15.038896,28,12.318201059771793
100,zipfian[2],10,50,fixed[145],False,0.000153,0.290868,1.015881,1.886188,3.33623,24,13.258136717375503
100,zipfian[2],10,50,fixed[145],True,0.073196,0.435404,0.870678,1.378324,2.538862,28.0,17.233671699243477
100,zipfian[2],10,50,bimodal[100:1000:95],False,0.000176,0.200859,0.700859,2.200949,3.201002,30,11.360914908110647
100,zipfian[2],10,50,exp[7],False,0.000146,0.395789,1.096969,2.176052,3.370024,23,12.696735923128882
100,zipfian[2],10,100,fixed[145],False,0.145854,0.870826,2.176824,4.061327,6.672036,28,13.518805943353769
100,zipfian[2],10,100,fixed[145],True,0.145866,0.871931,1.742877,2.685433,4.642138,28.0,18.63243168512085
100,zipfian[2],10,100,bimodal[100:1000:95],False,0.100856,0.600841,1.501774,3.701197,6.401784,38,12.817342992995705
100,zipfian[2],10,100,exp[7],False,0.073241,0.803733,1.910384,4.392799,6.756873,29,13.190880616594525
100,zipfian[2],10,200,fixed[145],False,0.292023,1.741188,4.498891,9.284063,15.084401,28,12.09588187839127
100,zipfian[2],10,200,fixed[145],True,0.29394,1.745203,3.558253,5.442701,9.574526,28.0,18.14166243663571
100,zipfian[2],10,200,bimodal[100:1000:95],False,0.202096,1.703614,3.702078,9.103801,14.004117,31,12.575215507755765
100,zipfian[2],10,200,exp[7],False,0.33082,1.788654,4.540564,8.47462,15.162154,28,12.225457485788212
100,zipfian[2],15,50,fixed[145],False,0.00074,0.436337,1.306425,2.176397,3.481333,19,12.767256990583892
100,zipfian[2],15,50,fixed[145],True,0.072667,0.436099,0.871721,1.451954,2.466636,28.0,17.67442090643621
100,zipfian[2],15,50,bimodal[100:1000:95],False,0.000733,0.301295,1.400849,3.201319,5.101303,19,9.257155827740624
100,zipfian[2],15,50,exp[7],False,0.000717,0.558482,1.466866,2.929411,4.22739,20,10.42678499260324
100,zipfian[2],15,100,fixed[145],False,0.14508,1.015641,2.612671,4.932564,7.832599,24,11.685576656331163
100,zipfian[2],15,100,fixed[145],True,0.146043,0.8717,1.74462,2.758957,5.222891,28.0,16.813487645281143
100,zipfian[2],15,100,bimodal[100:1000:95],False,0.100092,0.700496,2.30133,5.202543,9.002533,30,10.523613990050343
100,zipfian[2],15,100,exp[7],False,0.103043,1.001459,2.531683,4.50446,6.245437,24,14.145510052435991
100,zipfian[2],15,200,fixed[145],False,0.291163,1.743426,5.08046,8.850593,14.649702,28,12.422553916834357
100,zipfian[2],15,200,fixed[145],True,0.295303,1.745666,3.560907,5.804881,9.93769,28.0,17.563999702114565
100,zipfian[2],15,200,bimodal[100:1000:95],False,0.201296,1.805533,4.90416,7.40301,11.903945,32,15.499175753833411
100,zipfian[2],15,200,exp[7],False,0.332202,1.7907,5.223559,8.576161,15.262365,28,12.151125984089315
200,uniform,5,50,fixed[145],False,8.8e-05,0.290276,0.870348,1.305613,1.595931,28,28.720248694377496
200,uniform,5,50,fixed[145],True,0.072637,0.435562,0.870927,1.306293,1.669106,28.0,27.57216600870288
200,uniform,5,50,bimodal[100:1000:95],False,0.000125,0.200294,0.600264,1.000922,1.50079,35,29.402753626682646
200,uniform,5,50,exp[7],False,0.000108,0.395236,0.802431,1.400534,1.647765,29,28.592554384468066
200,uniform,5,100,fixed[145],False,0.145167,0.870622,1.740616,2.611419,3.336659,28,27.578652247811842
200,uniform,5,100,fixed[145],True,0.145463,0.870779,1.741687,2.684744,3.4102,28.0,27.566229934885808
200,uniform,5,100,bimodal[100:1000:95],False,0.100228,0.600765,1.60075,2.401205,3.201427,35,22.72090054743738
200,uniform,5,100,exp[7],False,0.07217,0.802445,1.748692,2.742563,3.363342,29,27.42206785426158
200,uniform,5,200,fixed[145],False,0.290375,1.74135,3.481295,5.367712,6.818175,28,27.03535683967493
200,uniform,5,200,fixed[145],True,0.291148,1.742703,3.55639,5.369879,6.820309,28.0,27.29869701954191
200,uniform,5,200,bimodal[100:1000:95],False,0.200448,1.601776,3.30249,5.101123,6.302919,32,29.839781262467437
200,uniform,5,200,exp[7],False,0.393285,1.814932,3.666265,5.215804,6.867865,36,27.44533849159322
200,uniform,10,50,fixed[145],False,0.000115,0.290361,0.870507,1.305934,1.596339,28,28.712958847438863
200,uniform,10,50,fixed[145],True,0.072756,0.435779,0.871331,1.306902,1.669487,28.0,27.573701747400627
200,uniform,10,50,exp[7],False,8.1e-05,0.395325,0.802592,1.400839,1.647984,29,28.58537823600774
200,uniform,10,100,fixed[145],False,0.145167,0.870574,1.741536,2.611427,3.337499,28,28.712752740416903
200,uniform,10,100,fixed[145],True,0.145871,0.870917,1.743262,2.68612,3.411022,28.0,27.56592597942424
200,uniform,10,100,bimodal[100:1000:95],False,0.10018,0.600642,1.401649,2.100789,3.001281,36,32.233276087035
200,uniform,10,100,exp[7],False,0.072261,0.822045,1.786534,2.778151,3.392037,29,26.645882878021812
200,uniform,10,200,fixed[145],False,0.290475,1.740883,3.483232,5.368239,6.819115,28,27.575853589865982
200,uniform,10,200,fixed[145],True,0.291914,1.744267,3.558074,5.372218,6.822747,28.0,27.57031118610236
200,uniform,10,200,bimodal[100:1000:95],False,0.200555,1.602292,3.101579,4.90252,6.102595,35,28.971009145713023
200,uniform,10,200,exp[7],False,0.329683,1.748577,3.611101,5.157082,6.809481,37,26.346767725841858
200,uniform,15,50,fixed[145],False,0.000139,0.290531,0.870925,1.305467,1.596589,28,28.72118905722697
200,uniform,15,50,fixed[145],True,0.072803,0.435328,0.871429,1.307048,1.669955,28.0,27.556757275121704
200,uniform,15,50,bimodal[100:1000:95],False,0.000131,0.20055,0.600489,0.900638,1.101508,40,41.61146212691163
200,uniform,15,50,exp[7],False,0.000115,0.514357,0.853121,1.466965,1.706399,28,21.98614960519471
200,uniform,15,100,fixed[145],True,0.14547,0.871481,1.743749,2.686907,3.410447,28.0,27.032360438681145
200,uniform,15,100,bimodal[100:1000:95],False,0.100271,0.600974,1.401809,2.101625,3.001543,36,32.229079137859244
200,uniform,15,100,exp[7],False,0.072288,0.821304,1.786583,2.778452,3.392417,28,27.50490618764122
200,uniform,15,200,fixed[145],False,0.29058,1.742174,3.483809,5.369237,6.820938,28,28.130087590060235
200,uniform,15,200,fixed[145],True,0.292292,1.745321,3.559974,5.37404,6.824946,28.0,27.558196365652623
200,uniform,15,200,exp[7],False,0.39314,1.815585,3.669462,5.218091,6.870798,36,27.425493504614682
200,zipfian[0.99],5,50,fixed[145],False,0.000119,0.29041,0.870587,1.305628,1.595917,28,26.513791679017675
200,zipfian[0.99],5,50,fixed[145],True,0.072701,0.435679,0.870816,1.306418,1.740918,28.0,25.53378374927867
200,zipfian[0.99],5,50,bimodal[100:1000:95],False,0.000118,0.20038,0.600709,0.900626,1.100987,40,38.43959832157338
200,zipfian[0.99],5,50,exp[7],False,0.00012,0.514277,0.821635,1.45068,1.785677,29,19.74892012904734
200,zipfian[0.99],5,100,fixed[145],False,0.14528,0.870759,1.741166,2.611465,3.336892,28,26.514262684754694
200,zipfian[0.99],5,100,fixed[145],True,0.145388,0.871507,1.742504,2.684224,3.409282,28.0,26.515422695610905
200,zipfian[0.99],5,100,bimodal[100:1000:95],False,0.100304,0.800475,1.801093,3.200788,3.800922,29,23.249169016576424
200,zipfian[0.99],5,100,exp[7],False,0.03033,0.755453,1.718038,2.710632,3.408496,29,26.804412756863336
200,zipfian[0.99],5,200,fixed[145],False,0.290597,1.741956,3.483278,5.367596,6.817347,28,27.037085553585
200,zipfian[0.99],5,200,fixed[145],True,0.291198,1.743177,3.557398,5.370458,6.89009,28.0,26.515855089260985
200,zipfian[0.99],5,200,bimodal[100:1000:95],False,0.200609,1.801457,3.602298,5.301319,7.20154,35,25.635865601411
200,zipfian[0.99],5,200,exp[7],False,0.32978,1.785848,3.635646,5.182683,7.221186,38,25.51890459591644
200,zipfian[0.99],10,50,fixed[145],False,0.000104,0.290601,0.871046,1.305595,1.595767,28,26.511851593017624
200,zipfian[0.99],10,50,fixed[145],True,0.072835,0.435319,0.871615,1.30647,1.668827,28.0,27.56614634646566
200,zipfian[0.99],10,50,bimodal[100:1000:95],False,0.000126,0.200576,0.601158,0.901448,1.900849,37,19.992898522444825
200,zipfian[0.99],10,50,exp[7],False,0.000125,0.395517,0.782903,1.369871,1.873811,29,20.067370175152018
200,zipfian[0.99],10,100,fixed[145],False,0.145567,0.870637,1.742023,2.611795,3.336023,28,27.579618220860894
200,zipfian[0.99],10,100,fixed[145],True,0.145921,0.87152,1.743506,2.684753,3.554347,28.0,24.622009072225463
200,zipfian[0.99],10,100,bimodal[100:1000:95],False,0.100481,0.600524,1.501065,2.300873,3.301406,36,26.309129109946376
200,zipfian[0.99],10,100,exp[7],False,0.102579,0.82958,1.795389,2.787044,3.537684,28,24.422058100564662
200,zipfian[0.99],10,200,fixed[145],False,0.29089,1.743028,3.484352,5.367564,6.81792,28,25.072082236429736
200,zipfian[0.99],10,200,fixed[145],True,0.292598,1.74582,3.559985,5.373267,7.038289,28.0,24.1905977194314
200,zipfian[0.99],10,200,bimodal[100:1000:95],False,0.200844,1.302624,3.70315,5.70202,7.401127,40,24.38545305306482
200,zipfian[0.99],10,200,exp[7],False,0.345355,1.79479,3.648053,5.194976,7.309695,36,24.123429941639394
200,zipfian[0.99],15,50,fixed[145],False,0.000231,0.290819,0.871148,1.306251,2.030873,28,21.543311103508717
200,zipfian[0.99],15,50,fixed[145],True,0.072934,0.435392,0.871698,1.30677,1.742007,28.0,24.617493387741273
200,zipfian[0.99],15,50,bimodal[100:1000:95],False,0.0002,0.200791,0.601195,1.001196,1.600688,35,19.993210305780156
200,zipfian[0.99],15,50,exp[7],False,0.000202,0.514705,0.822305,1.462238,2.212992,28,17.979583822977332
200,zipfian[0.99],15,100,fixed[145],False,0.145629,0.87027,1.742193,2.612883,4.061507,28,20.892799463807197
200,zipfian[0.99],15,100,fixed[145],True,0.146148,0.873377,1.742786,2.68573,3.627868,28.0,23.77273267562106
200,zipfian[0.99],15,100,bimodal[100:1000:95],False,0.100639,0.601905,1.702758,3.002492,4.701437,33,19.226188221691025
200,zipfian[0.99],15,100,exp[7],False,0.102892,0.830716,1.79381,2.787386,3.728359,28,24.108625752882247
200,zipfian[0.99],15,200,fixed[145],False,0.291095,1.743605,3.485281,5.370266,7.977777,28,22.240887269060355
200,zipfian[0.99],15,200,fixed[145],True,0.292395,1.74536,3.561175,5.375252,7.256655,28.0,24.189772636698525
200,zipfian[0.99],15,200,bimodal[100:1000:95],False,0.201185,1.203674,2.701985,4.20532,7.202229,40,23.80427553353713
200,zipfian[0.99],15,200,exp[7],False,0.31335,1.745561,3.597475,5.144728,7.570417,37,24.504080296930642
200,zipfian[2],5,50,fixed[145],False,0.000447,0.290926,0.871032,1.740821,3.046161,26,14.36290463893094
200,zipfian[2],5,50,fixed[145],True,0.07286,0.435318,0.871384,1.306221,2.03106,28.0,20.889735619506
200,zipfian[2],5,50,exp[7],False,0.000441,0.395892,0.847955,2.077931,3.323096,26,12.849843411808184
200,zipfian[2],5,100,fixed[145],False,0.145616,0.871205,2.031475,4.352065,7.252328,28,12.535431396843176
200,zipfian[2],5,100,fixed[145],True,0.146059,0.871147,1.742974,2.684942,4.642014,28.0,18.632622629208388
200,zipfian[2],5,100,exp[7],False,0.072608,0.80312,2.212802,4.185949,6.24715,29,14.141891251684653
200,zipfian[2],5,200,fixed[145],False,0.290894,1.742957,4.062461,8.848933,14.649242,28,12.422822439170252
200,zipfian[2],5,200,fixed[145],True,0.29376,1.745076,3.558179,5.37079,8.921783,28.0,19.283821991810548
200,zipfian[2],5,200,bimodal[100:1000:95],False,0.202441,1.503655,4.202249,7.903865,12.803905,31,14.488567687002314
200,zipfian[2],5,200,exp[7],False,0.331377,1.787797,4.474321,8.792961,15.480407,28,11.992132441590371
200,zipfian[2],10,50,fixed[145],False,0.000505,0.292367,1.01666,1.886892,3.336377,24,13.258407421314002
200,zipfian[2],10,50,fixed[145],True,0.073459,0.435834,0.873317,1.38048,2.249356,28.0,19.147103751645215
200,zipfian[2],10,50,bimodal[100:1000:95],False,0.00059,0.20247,0.901303,1.401649,5.001309,26,9.432006457528901
200,zipfian[2],10,50,exp[7],False,0.00053,0.476513,1.299272,2.653987,3.951432,21,11.063892874963626
200,zipfian[2],10,100,fixed[145],False,0.14635,0.874566,2.324497,4.206552,6.962819,26,13.008229916821476
200,zipfian[2],10,100,fixed[145],True,0.14863,0.874609,1.747115,2.977125,4.643574,28.0,18.631893591019875
200,zipfian[2],10,100,bimodal[100:1000:95],False,0.101452,0.704146,2.61959,3.808479,6.617323,30,14.051183966812227
200,zipfian[2],10,100,exp[7],False,0.076184,0.825377,2.026108,4.222883,6.585483,28,13.497074441629405
200,zipfian[2],10,200,fixed[145],False,0.293134,9.893023,12.935206,17.286162,23.084981,28,8.151787921455078
200,zipfian[2],10,200,fixed[145],True,0.297344,1.750096,3.565799,6.100572,10.22885,28.0,17.127417021090015
200,zipfian[2],10,200,bimodal[100:1000:95],False,0.206349,1.90934,5.607804,8.80577,14.904179,30,12.575769008274856
200,zipfian[2],10,200,exp[7],False,0.33699,1.941814,4.809565,8.172073,14.484576,29,12.754210547528055
200,zipfian[2],15,50,fixed[145],False,0.004605,0.43974,1.307335,2.178449,3.626759,20,12.310486219887935
200,zipfian[2],15,50,fixed[145],True,0.073148,0.437064,0.876479,1.453074,2.467652,28.0,17.673933599031468
200,zipfian[2],15,50,bimodal[100:1000:95],False,0.004635,0.304959,1.303738,2.301321,3.401459,18,13.509048225410897
200,zipfian[2],15,50,exp[7],False,0.004655,0.552057,1.465479,2.819285,4.115606,20,10.676011450662841
200,zipfian[2],15,100,fixed[145],False,0.145381,1.022871,2.328896,4.501722,7.398357,23,12.31152289598536
200,zipfian[2],15,100,fixed[145],True,0.149793,0.87577,1.749711,2.766664,5.296875,28.0,16.6110335468128
200,zipfian[2],15,100,bimodal[100:1000:95],False,0.100406,0.909844,2.406825,5.906538,8.803041,25,9.801904490438682
200,zipfian[2],15,100,exp[7],False,0.076361,0.960875,2.251891,4.54027,6.900896,25,12.946705018259385
200,zipfian[2],15,200,fixed[145],False,0.301353,1.903585,4.352328,7.843923,13.201449,28,13.652953526370169
200,zipfian[2],15,200,fixed[145],True,0.306446,1.760996,3.578055,5.735192,10.305084,28.0,17.022255918723495
200,zipfian[2],15,200,bimodal[100:1000:95],False,0.211586,1.319075,3.00215,6.01423,10.006235,39,18.17583502739689
200,zipfian[2],15,200,exp[7],False,0.3403,1.817157,4.294519,7.09463,13.773867,28,13.361538650655623
500,uniform,5,50,fixed[145],False,7.2e-05,0.290399,0.87065,1.306105,1.596364,28,28.712381755233835
500,uniform,5,50,fixed[145],True,0.07271,0.435423,0.871296,1.306872,1.669832,28.0,27.55454007890518
500,uniform,5,50,bimodal[100:1000:95],False,9e-05,0.200384,0.600647,1.001033,1.301079,36,35.68041480623037
500,uniform,5,50,exp[7],False,0.000108,0.395298,0.802586,1.400739,1.648137,29,28.585737775023386
500,uniform,5,100,fixed[145],False,0.145165,0.870786,1.741447,2.612093,3.337603,28,27.573975461367755
500,uniform,5,100,fixed[145],True,0.145436,0.871584,1.743529,2.686119,3.411748,28.0,28.10698869030989
500,uniform,5,100,bimodal[100:1000:95],False,0.100224,0.600719,1.201446,2.102535,3.202708,40,30.276469581987925
500,uniform,5,100,exp[7],False,0.072208,0.802608,1.749122,2.743313,3.364267,29,27.696534609589648
500,uniform,5,200,fixed[145],False,0.29048,1.741717,3.483146,5.368955,6.819871,28,27.578888030266175
500,uniform,5,200,fixed[145],True,0.290756,1.743456,3.558072,5.372604,6.823869,28.0,27.57255372856751
500,uniform,5,200,bimodal[100:1000:95],False,0.200374,1.201947,2.901843,4.604387,5.804821,40,32.24059219519744
500,uniform,5,200,exp[7],False,0.393387,1.81502,3.668818,5.216869,6.870182,36,27.442773926565604
500,uniform,10,50,fixed[145],False,9.2e-05,0.290496,0.871146,1.305882,1.597158,28,28.698357306027805
500,uniform,10,50,fixed[145],True,0.07286,0.436008,0.871877,1.307764,1.670906,28.0,27.5639124437834
500,uniform,10,50,bimodal[100:1000:95],False,0.000114,0.200487,0.601211,1.001863,1.501843,35,31.206953907953217
500,uniform,10,50,exp[7],False,9.8e-05,0.395414,0.802698,1.401347,1.649006,29,28.57288170655536
500,uniform,10,100,fixed[145],False,0.145265,0.871354,1.742363,2.613273,3.338437,28,28.700638847520104
500,uniform,10,100,fixed[145],True,0.145732,0.872307,1.744512,2.688189,3.414293,28.0,27.566670682211697
500,uniform,10,100,bimodal[100:1000:95],False,0.100456,0.600337,1.401921,2.1026,3.003779,36,32.21343332383037
500,uniform,10,100,exp[7],False,0.072338,0.802976,1.749651,2.744459,3.365468,29,27.68417450774769
500,uniform,10,200,fixed[145],False,0.290666,1.742744,3.48518,5.372111,6.823557,28,27.568422412190095
500,uniform,10,200,fixed[145],True,0.291513,1.746066,3.562022,5.377318,6.829491,28.0,27.563285648389773
500,uniform,10,200,bimodal[100:1000:95],False,0.200525,1.603652,3.603325,5.704558,7.007451,35,26.997395561250208
500,uniform,10,200,exp[7],False,0.329773,1.750025,3.613067,5.159644,6.812811,37,27.651047649806117
500,uniform,15,50,fixed[145],False,0.000208,0.290795,0.871825,1.307621,1.597981,28,28.68948169008589
500,uniform,15,50,fixed[145],True,0.073006,0.43553,0.873164,1.309373,1.672717,28.0,27.540865135688332
500,uniform,15,50,bimodal[100:1000:95],False,0.000144,0.200717,0.601539,1.002521,1.302282,36,33.2757662577075
500,uniform,15,50,exp[7],False,0.00037,0.472859,0.831459,1.434342,1.676753,28,28.0288697358279
500,uniform,15,100,fixed[145],False,0.145341,0.871818,1.743339,2.614896,3.340754,28,28.684058576289697
500,uniform,15,100,fixed[145],True,0.145963,0.873594,1.746577,2.691134,3.412216,28.0,27.5074256295487
500,uniform,15,100,bimodal[100:1000:95],False,0.100498,0.601954,1.60462,2.704151,3.405238,35,27.764396880947654
500,uniform,15,100,exp[7],False,0.072403,0.803487,1.750378,2.746341,3.36765,29,27.66939062594249
500,uniform,15,200,fixed[145],False,0.291001,1.744386,3.487617,5.371818,6.826263,28,27.56147759837553
500,uniform,15,200,bimodal[100:1000:95],False,0.200777,1.60476,3.308505,5.108696,6.311399,32,29.82169904358829
500,uniform,15,200,exp[7],False,0.330482,1.786738,3.657127,5.216728,6.864924,36,27.037575335134125
500,zipfian[0.99],5,50,fixed[145],False,0.000186,0.290515,0.870943,1.305842,1.740809,28,24.617893368087234
500,zipfian[0.99],5,50,fixed[145],True,0.072807,0.435763,0.871759,1.307211,1.67021,28.0,25.52972911425626
500,zipfian[0.99],5,50,bimodal[100:1000:95],False,0.000164,0.200518,0.701324,1.201317,1.602058,31,17.849614144891028
500,zipfian[0.99],5,50,exp[7],False,0.000145,0.472413,0.830263,1.433724,1.675679,28,19.686713515795045
500,zipfian[0.99],5,100,fixed[145],False,0.145235,0.871472,1.74163,2.611946,3.482552,28,24.623591469008993
500,zipfian[0.99],5,100,fixed[145],True,0.145418,0.8722,1.744145,2.683931,3.41225,28.0,25.533894585358915
500,zipfian[0.99],5,100,bimodal[100:1000:95],False,0.10013,0.701676,1.402687,2.801023,3.502405,32,25.634268710709073
500,zipfian[0.99],5,100,exp[7],False,0.07257,0.822533,1.787422,2.779986,3.393038,28,27.1953071777934
500,zipfian[0.99],5,200,fixed[145],False,0.29076,1.743327,3.48513,5.370082,7.542742,28,23.371860677066444
500,zipfian[0.99],5,200,fixed[145],True,0.291443,1.74588,3.561321,5.374559,6.8911,28.0,25.069162686205907
500,zipfian[0.99],5,200,bimodal[100:1000:95],False,0.200822,1.602096,4.505293,6.303641,8.601773,34,19.22691275576841
500,zipfian[0.99],5,200,exp[7],False,0.344625,1.79541,3.647598,5.196868,7.580674,36,23.444473815160254
500,zipfian[0.99],10,50,fixed[145],False,0.000158,0.290865,0.871799,1.305662,1.74214,28,22.973696954882417
500,zipfian[0.99],10,50,fixed[145],True,0.07289,0.435572,0.873034,1.308873,1.671691,28.0,26.491413603022988
500,zipfian[0.99],10,50,bimodal[100:1000:95],False,0.000186,0.20085,0.601786,1.001687,1.402193,36,29.38740773088658
500,zipfian[0.99],10,50,exp[7],False,0.000183,0.472723,0.831334,1.43442,1.676652,28,19.74197242046453
500,zipfian[0.99],10,100,fixed[145],False,0.145551,0.872739,1.743287,2.614837,3.772321,28,22.240573166259185
500,zipfian[0.99],10,100,fixed[145],True,0.145774,0.874094,1.746123,2.689776,3.483359,28.0,26.01399292679532
500,zipfian[0.99],10,100,bimodal[100:1000:95],False,0.101243,0.701754,1.902472,3.304443,7.202652,30,12.984360467660307
500,zipfian[0.99],10,100,exp[7],False,0.103166,0.832444,1.793861,2.787283,3.582183,28,23.43772888407113
500,zipfian[0.99],10,200,fixed[145],True,0.293408,1.750292,3.565822,5.379976,6.894825,28.0,26.51672695023566
500,zipfian[0.99],10,200,bimodal[100:1000:95],False,0.202084,1.206688,2.808718,4.406536,6.404732,40,28.161386711739905
500,zipfian[0.99],10,200,exp[7],False,0.331353,1.7918,3.641559,5.188278,7.555112,37,23.394737891790214
500,zipfian[0.99],15,50,fixed[145],False,0.000258,0.291535,0.870876,1.306253,1.742462,28,22.978870469026322
500,zipfian[0.99],15,50,fixed[145],True,0.073104,0.435299,0.873523,1.310388,1.672705,28.0,27.562377795307448
500,zipfian[0.99],15,50,bimodal[100:1000:95],False,0.000261,0.201539,0.601946,1.002821,1.401056,36,20.82460435334189
500,zipfian[0.99],15,50,exp[7],False,0.000319,0.381096,0.757862,1.352271,1.60558,29,23.02570682012226
500,zipfian[0.99],15,100,fixed[145],False,0.146524,0.87421,1.745822,2.616924,3.917652,28,21.543552445624076
500,zipfian[0.99],15,100,fixed[145],True,0.147107,0.875239,1.747997,2.690045,3.487585,28.0,24.616754064349177
500,zipfian[0.99],15,100,bimodal[100:1000:95],False,0.101787,0.705218,1.606206,2.302178,4.102644,32,21.73138744695097
500,zipfian[0.99],15,100,exp[7],False,0.073908,0.805967,1.72268,2.713581,3.800815,29,21.6270131775554
500,zipfian[0.99],15,200,fixed[145],False,0.291246,1.744738,3.489718,5.377854,6.824313,28,24.192066623016114
500,zipfian[0.99],15,200,fixed[145],True,0.294006,1.754152,3.569657,5.386197,6.834469,28.0,26.77395167596236
500,zipfian[0.99],15,200,bimodal[100:1000:95],False,0.201322,2.510282,4.311428,6.207814,8.808957,33,20.404067877396447
500,zipfian[0.99],15,200,exp[7],False,0.33152,1.753226,3.60925,5.163426,6.945252,37,25.658703830049063
500,zipfian[2],5,50,fixed[145],False,0.000736,0.293782,1.307608,2.177182,3.626519,20,12.311592620234396
500,zipfian[2],5,50,fixed[145],True,0.073524,0.437871,0.871514,1.454055,2.684532,28.0,16.41327847359136
500,zipfian[2],5,50,bimodal[100:1000:95],False,0.000696,0.203621,1.301839,3.302041,4.301368,21,10.867075239716812
500,zipfian[2],5,50,exp[7],False,0.000728,0.517288,1.347763,2.424192,3.353433,21,12.751445758920147
500,zipfian[2],5,100,fixed[145],False,0.14671,0.876821,2.180908,4.49988,7.397909,26,12.311375871353016
500,zipfian[2],5,100,fixed[145],True,0.149452,0.872737,1.748745,2.836184,5.44128,28.0,16.22053438550533
500,zipfian[2],5,100,bimodal[100:1000:95],False,0.101698,0.702076,2.006582,5.004546,7.902485,30,11.901843119425473
500,zipfian[2],5,100,exp[7],False,0.07372,0.803968,2.314491,5.265707,7.627695,29,11.832506142549752
500,zipfian[2],5,200,fixed[145],False,0.302191,1.893634,4.508307,9.869875,15.666041,28,11.685767150455478
500,zipfian[2],5,200,fixed[145],True,0.304597,1.753934,3.570349,5.804997,11.110075,28.0,15.923438832219583
500,zipfian[2],5,200,bimodal[100:1000:95],False,0.211916,1.614487,4.011601,9.508754,15.305249,36,12.266928361138373
500,zipfian[2],5,200,exp[7],False,0.34008,1.945884,4.57816,8.748575,15.432415,29,12.027663867448407
500,zipfian[2],5,500,fixed[145],False,0.890339,4.670613,11.906196,25.109938,39.60106,28,11.567498807853573
500,zipfian[2],5,500,fixed[145],True,0.873024,4.515739,9.037366,14.703151,28.165464,28.5,15.730723241394807
100,uniform,5,500,fixed[145],False,0.870617,4.496587,8.993946,13.49084,17.116925,28,27.358568512148025
100,uniform,5,500,fixed[145],True,0.872501,4.498215,9.000989,13.569537,17.195765,28.0,27.031281896912635
100,uniform,5,500,bimodal[100:1000:95],False,0.601155,4.001424,8.302507,12.004977,15.605546,36,28.8956827133832
100,uniform,5,500,exp[7],False,0.856108,4.244602,8.912831,12.921232,16.757693,37,27.477784486020894
100,uniform,10,500,fixed[145],True,0.872564,4.49952,9.000581,13.565793,17.193115,28.0,26.930078743550244
100,uniform,10,500,bimodal[100:1000:95],False,0.602631,4.204628,8.505475,12.504745,15.407554,36,27.315726198960977
100,uniform,10,500,exp[7],False,0.803966,4.465929,9.234185,13.820693,17.689967,37,26.163558871931997
100,uniform,15,500,fixed[145],False,0.870815,4.497491,8.995079,13.493675,17.118046,28,26.722463169765135
100,uniform,15,500,fixed[145],True,0.872448,4.503209,8.999315,13.56544,17.191172,28.0,27.140029306889243
100,uniform,15,500,bimodal[100:1000:95],False,0.600501,3.80117,8.101897,12.004203,15.608535,38,28.894134779581094
100,uniform,15,500,exp[7],False,0.810736,4.477779,9.244052,13.832716,17.702368,38,26.163434287735296
100,zipfian[0.99],5,500,fixed[145],False,0.871577,4.497194,8.994337,13.925485,19.871399,28,22.531081288671505
100,zipfian[0.99],5,500,fixed[145],True,0.874644,4.501252,9.002923,13.566793,17.333462,28.0,24.97756764649668
100,zipfian[0.99],5,500,bimodal[100:1000:95],False,0.601831,4.202388,8.702989,13.604031,21.804826,37,20.571808221210464
100,zipfian[0.99],5,500,exp[7],False,0.803155,4.465988,9.234122,13.855084,20.12653,37,22.268211522356484
100,zipfian[0.99],10,500,bimodal[100:1000:95],False,0.600576,4.203999,8.503678,12.602869,22.305988,37,20.15697282904565
100,zipfian[0.99],10,500,exp[7],False,0.757554,4.433893,9.195424,14.074134,22.308811,36,19.260246296948004
100,zipfian[0.99],15,500,fixed[145],False,0.871531,4.497252,8.994708,13.494146,17.552471,28,23.61194467834699
100,zipfian[0.99],15,500,fixed[145],True,0.874379,4.502586,9.00426,13.567149,17.841322,28.0,23.448900928909453
100,zipfian[0.99],15,500,bimodal[100:1000:95],False,0.603783,3.802843,8.307769,13.402977,18.406714,40,22.930406948683768
100,zipfian[0.99],15,500,exp[7],False,0.856457,4.529389,9.298052,13.882395,19.750224,36,21.366902275224675
100,zipfian[2],5,500,fixed[145],False,0.870673,4.497256,11.025718,23.208617,37.711633,28,12.09556307652292
100,zipfian[2],5,500,fixed[145],True,0.872736,4.500467,8.998911,16.467293,23.724225,28.0,18.577272928413926
100,zipfian[2],5,500,bimodal[100:1000:95],False,0.60224,6.004132,12.904138,27.806554,45.909384,32,10.13993413301586
100,zipfian[2],5,500,exp[7],False,0.811111,4.477097,12.611888,26.924595,42.378535,38,10.86213976419511
100,zipfian[2],10,500,fixed[145],False,0.876216,4.503131,12.331348,22.920769,37.421608,28,12.181140675632815
100,zipfian[2],10,500,bimodal[100:1000:95],False,0.801115,4.407541,13.004967,23.908767,38.409492,33,11.958914717965499
100,zipfian[2],10,500,exp[7],False,0.829642,4.526229,13.21943,26.228235,41.680177,36,11.029569990375377
100,zipfian[2],15,500,bimodal[100:1000:95],False,0.705017,4.601269,11.708765,23.311846,36.010338,31,12.403770617268437
100,zipfian[2],15,500,exp[7],False,0.806632,4.65495,13.031117,22.687062,38.137126,34,11.964807576460743
200,uniform,5,500,bimodal[100:1000:95],False,0.601706,4.001862,8.704366,12.906236,15.611773,40,27.92063370010436
200,uniform,5,500,exp[7],False,0.919074,4.321269,8.983016,12.99479,16.831571,38,27.355194729594995
200,uniform,10,500,exp[7],False,0.756944,4.423022,9.198479,13.78544,17.650645,36,26.240476543847944
200,uniform,15,500,fixed[145],False,0.873841,4.496967,8.99622,13.495856,17.123406,28,27.56404920293039
200,uniform,15,500,bimodal[100:1000:95],False,0.603991,4.008289,8.310184,12.012638,15.613706,36,28.553790487133377
200,uniform,15,500,exp[7],False,0.811368,4.477319,9.243595,13.839329,17.705622,38,26.53702304809448
200,zipfian[0.99],5,500,bimodal[100:1000:95],False,0.601348,3.805141,8.40413,13.604174,18.804382,36,23.251328069356664
200,zipfian[0.99],5,500,exp[7],False,0.822227,4.49751,9.265083,13.85218,17.903924,37,24.72355114056664
200,zipfian[0.99],10,500,bimodal[100:1000:95],False,0.703776,4.001766,9.310482,13.309617,17.405626,39,27.315350145093678
200,zipfian[0.99],10,500,exp[7],False,0.857101,4.530914,9.296528,13.885949,18.575342,36,23.502446440157293
200,zipfian[0.99],15,500,bimodal[100:1000:95],False,0.603663,4.408851,8.413236,13.114851,20.209191,40,22.020860537353922
200,zipfian[0.99],15,500,exp[7],False,0.760517,4.427599,9.197119,13.799458,20.87918,36,20.397032313386532
200,zipfian[2],5,500,fixed[145],False,0.871416,4.497296,11.171842,20.165254,34.376364,28,13.155343638755948
100,uniform,10,500,fixed[145],True,0.870892,4.498276,9.005974,13.567543,17.193142,28.0,27.0335384566142
100,uniform,15,500,fixed[145],True,0.874234,4.499405,8.999946,13.566386,17.189785,28.0,27.243863142741986
100,zipfian[0.99],5,500,fixed[145],True,0.871993,4.498762,8.998763,13.565814,17.3337,28.0,24.978647003608966
100,zipfian[0.99],15,500,fixed[145],True,0.874396,4.502834,9.005973,13.567722,17.842741,28.0,23.44838078144449
100,zipfian[2],10,500,fixed[145],True,0.880435,4.505211,9.006094,14.365592,24.300989,28.0,17.904849048514837
100,zipfian[2],15,500,fixed[145],True,0.874465,4.513166,9.012434,15.018641,27.129341,28.0,16.258805321845166
200,uniform,5,500,fixed[145],True,0.873171,4.506727,9.00501,13.569456,17.194806,28.0,27.35704616561726
200,uniform,10,500,fixed[145],True,0.872281,4.505736,9.004772,13.565607,17.203367,28.0,27.466330947534583
200,zipfian[0.99],15,500,fixed[145],True,0.877635,4.504617,9.008071,13.567469,18.428689,28.0,24.10450905213502
200,zipfian[2],5,500,fixed[145],True,0.875207,4.500271,9.004648,13.566042,21.833003,28.0,19.64094930521713
200,zipfian[2],10,500,fixed[145],True,0.883807,4.518259,9.025239,14.892964,25.610334,28.0,17.105410759583897
500,uniform,10,500,fixed[145],True,0.876754,4.500099,9.022494,13.590363,17.195532,28.0,27.461194448818404
500,uniform,15,500,fixed[145],True,0.880175,4.510043,9.022194,13.584256,17.223261,28.0,27.454084964682515
500,zipfian[0.99],5,500,fixed[145],True,0.87665,4.501895,9.011261,13.574648,17.191372,28.0,24.71000340009647
500,zipfian[0.99],10,500,fixed[145],True,0.874242,4.512859,9.023291,13.586632,17.412868,28.0,26.21230879693471
500,zipfian[0.99],15,500,fixed[145],True,0.889935,4.532862,9.034574,13.579291,17.206087,29.0,25.438660444913015500,
200,uniform,15,200,fixed[145],False,0.29068,1.742317,3.48426,5.370565,6.820615,28,27.57237507198113
200,uniform,15,200,fixed[145],True,0.292338,1.745476,3.560209,5.39281,6.846086,28.0,27.21646835840605
200,zipfian[2],15,200,fixed[145],False,0.30182,1.904426,4.352973,7.844981,13.202452,28,13.65216788234671
200,zipfian[2],15,200,fixed[145],True,0.306715,1.761479,3.578907,5.736759,10.31061,28.0,17.01456634038967
50,zipfian[2],15,200,fixed[145],False,0.291934,1.886634,4.932098,9.864194,15.672124,28,11.676952212715303
50,zipfian[2],15,200,fixed[145],True,0.293225,1.743717,3.557974,5.369695,8.704776,28.0,19.69520488724692
100,zipfian[2],15,200,fixed[145],False,0.291351,1.743687,5.080825,8.850945,14.650102,28,12.422240655447105
100,zipfian[2],15,200,fixed[145],True,0.2954,1.745805,3.561314,5.805578,9.938211,28.0,17.56325780517763
